Indicator_type,Data,Description
Description,IOCs related to STAC4924 campaign,https://www.sophos.com/en-us/blog/terminalfix-and-lorem-ipsum-loader-enable-covert-tunneling
url,https://letsdiskuss.com/user/dhhsys6674dhhsys667476001,Attacker-controlled account used as a dead-drop resolver in STAC4924 campaign
domain,webfeedonline.com,C2 server in STAC4924 campaign
domain,fish-planet.online,C2 server in STAC4924 campaign
domain,forest-pet.com,C2 server in STAC4924 campaign
domain,yellow-tree.online,C2 server in STAC4924 campaign
domain,cave-discovery.online,C2 server in STAC4924 campaign
domain,bestsocialmedianewspapper.com,C2 server in STAC4924 campaign
domain,fixdocumentview.com,C2 server in STAC4924 campaign
domain,offlineupdater.com,C2 server in STAC4924 campaign
domain,opendocumentnowforfree.com,C2 server in STAC4924 campaign
domain,openlockeddocuments.com,C2 server in STAC4924 campaign
domain,ourpersonalsecurity.com,C2 server in STAC4924 campaign
domain,viewpublicdocuments.com,C2 server in STAC4924 campaign
domain,yourappdoctor.com,C2 server in STAC4924 campaign
domain,yourprettylittlepicture.com,C2 server in STAC4924 campaign
domain,firstapphelp.com,C2 server in STAC4924 campaign
domain,goodfoodrecipients.com,C2 server in STAC4924 campaign
domain,languageupgrader.com,C2 server in STAC4924 campaign
domain,biblegodlike.com,C2 server in STAC4924 campaign
domain,valueurban.com,C2 server in STAC4924 campaign
domain,graburban.com,C2 server in STAC4924 campaign
domain,documentthis.art,C2 server in STAC4924 campaign
domain,peekyourphoto.com,C2 server in STAC4924 campaign
domain,topphotoalbum.com,C2 server in STAC4924 campaign
domain,newpopularimages.com,C2 server in STAC4924 campaign
domain,opendocumentonline.com,C2 server in STAC4924 campaign
domain,editdocumentfree.com,C2 server in STAC4924 campaign
domain,bestpopularimages.com,C2 server in STAC4924 campaign
domain,documentsphotos.com,C2 server in STAC4924 campaign
domain,openpdfanywhere.com,C2 server in STAC4924 campaign
domain,openandopen.com,C2 server in STAC4924 campaign
domain,lookforimages.com,C2 server in STAC4924 campaign
domain,freeshareyourimage.com,C2 server in STAC4924 campaign
domain,freecatimages.com,C2 server in STAC4924 campaign
domain,imageuploaderfree.com,C2 server in STAC4924 campaign
domain,sharingclick.com,C2 server in STAC4924 campaign
domain,searchdocumentsfree.com,C2 server in STAC4924 campaign
domain,openanyworddocument.com,C2 server in STAC4924 campaign
domain,kittyfreespace.com,C2 server in STAC4924 campaign
domain,oceansecretlife.com,C2 server in STAC4924 campaign
domain,grapesinlife.com,C2 server in STAC4924 campaign
domain,capturethes.com,C2 server in STAC4924 campaign
domain,loginrestforest.com,C2 server in STAC4924 campaign
domain,reeeeealy.com,C2 server in STAC4924 campaign
domain,semigoddess.com,C2 server in STAC4924 campaign
domain,imagethere.info,C2 server in STAC4924 campaign
domain,placebetweenphotos.us,C2 server in STAC4924 campaign
domain,openimagesworld.us,C2 server in STAC4924 campaign
domain,ghostproc.com,Staging server in STAC4924 campaign
domain,assetsoftgo.com,Staging server in STAC4924 campaign
domain,autorelaylab.com,Staging server in STAC4924 campaign
domain,adstatli.com,Staging server in STAC4924 campaign
domain,metricgw.com,Staging server in STAC4924 campaign
domain,platformco-hub.com,Staging server in STAC4924 campaign
domain,swiftcurrento.net,Staging server in STAC4924 campaign
domain,cronverta.net,Staging server in STAC4924 campaign
